{
    "predictions":  [
                        1,
                        1,
                        1
                    ],
    "probabilities":  [
                          0.5319551229476929,
                          0.35142725706100464,
                          0.14346908032894135
                      ]
}
