{
  "best_model": "xgboost",
  "best_imbalance_strategy": "class_weight",
  "best_cost_strategy": "cost_sensitive",
  "best_metrics": {
    "precision": 0.034903998969116445,
    "recall": 0.999753937007874,
    "f1_score": 0.06745303771094638,
    "auc_roc": 0.8941891839491015,
    "confusion_matrix": [
      [
        1702,
        112342
      ],
      [
        1,
        4063
      ]
    ],
    "false_positive_rate": 0.985075935603802,
    "fraud_detection_rate": 0.9855809936668134
  },
  "all_experiments": [
    {
      "model": "xgboost",
      "imbalance_strategy": "class_weight",
      "cost_strategy": "standard",
      "metrics": {
        "precision": 0.17666587621531896,
        "recall": 0.7332677165354331,
        "f1_score": 0.28473151156124593,
        "auc_roc": 0.8914621673855954,
        "confusion_matrix": [
          [
            100156,
            13888
          ],
          [
            1084,
            2980
          ]
        ],
        "false_positive_rate": 0.12177755953842377,
        "fraud_detection_rate": 0.14281843736241406
      }
    },
    {
      "model": "lightgbm",
      "imbalance_strategy": "class_weight",
      "cost_strategy": "standard",
      "metrics": {
        "precision": 0.20813803410094422,
        "recall": 0.7539370078740157,
        "f1_score": 0.3262177269097684,
        "auc_roc": 0.9070918321482218,
        "confusion_matrix": [
          [
            102387,
            11657
          ],
          [
            1000,
            3064
          ]
        ],
        "false_positive_rate": 0.10221493458665076,
        "fraud_detection_rate": 0.12464015985369323
      }
    },
    {
      "model": "hybrid_rf",
      "imbalance_strategy": "class_weight",
      "cost_strategy": "standard",
      "metrics": {
        "precision": 0.14711739278255379,
        "recall": 0.7453248031496063,
        "f1_score": 0.2457307427087981,
        "auc_roc": 0.8731354769015109,
        "confusion_matrix": [
          [
            96484,
            17560
          ],
          [
            1035,
            3029
          ]
        ],
        "false_positive_rate": 0.15397565851776507,
        "fraud_detection_rate": 0.17432350052494328
      }
    },
    {
      "model": "xgboost",
      "imbalance_strategy": "class_weight",
      "cost_strategy": "cost_sensitive",
      "metrics": {
        "precision": 0.034903998969116445,
        "recall": 0.999753937007874,
        "f1_score": 0.06745303771094638,
        "auc_roc": 0.8941891839491015,
        "confusion_matrix": [
          [
            1702,
            112342
          ],
          [
            1,
            4063
          ]
        ],
        "false_positive_rate": 0.985075935603802,
        "fraud_detection_rate": 0.9855809936668134
      }
    },
    {
      "model": "lightgbm",
      "imbalance_strategy": "class_weight",
      "cost_strategy": "cost_sensitive",
      "metrics": {
        "precision": 0.07608413916857741,
        "recall": 0.9389763779527559,
        "f1_score": 0.14076246334310852,
        "auc_roc": 0.9080913244269998,
        "confusion_matrix": [
          [
            67705,
            46339
          ],
          [
            248,
            3816
          ]
        ],
        "false_positive_rate": 0.40632562870471045,
        "fraud_detection_rate": 0.4246537067768483
      }
    },
    {
      "model": "hybrid_rf",
      "imbalance_strategy": "class_weight",
      "cost_strategy": "cost_sensitive",
      "metrics": {
        "precision": 0.055095713513667266,
        "recall": 0.953248031496063,
        "f1_score": 0.10417058807711958,
        "auc_roc": 0.8822084207915194,
        "confusion_matrix": [
          [
            47604,
            66440
          ],
          [
            190,
            3874
          ]
        ],
        "false_positive_rate": 0.5825821612710883,
        "fraud_detection_rate": 0.5953364717038643
      }
    },
    {
      "model": "xgboost",
      "imbalance_strategy": "smote",
      "cost_strategy": "standard",
      "metrics": {
        "precision": 0.10247498052376101,
        "recall": 0.8415354330708661,
        "f1_score": 0.1827020674181313,
        "auc_roc": 0.8798354353303202,
        "confusion_matrix": [
          [
            84090,
            29954
          ],
          [
            644,
            3420
          ]
        ],
        "false_positive_rate": 0.26265301111851563,
        "fraud_detection_rate": 0.28257188336099165
      }
    },
    {
      "model": "lightgbm",
      "imbalance_strategy": "smote",
      "cost_strategy": "standard",
      "metrics": {
        "precision": 0.14694984184365115,
        "recall": 0.8001968503937008,
        "f1_score": 0.24830113766511414,
        "auc_roc": 0.8945855334241073,
        "confusion_matrix": [
          [
            95166,
            18878
          ],
          [
            812,
            3252
          ]
        ],
        "false_positive_rate": 0.16553260145207113,
        "fraud_detection_rate": 0.18737088088867815
      }
    },
    {
      "model": "hybrid_rf",
      "imbalance_strategy": "smote",
      "cost_strategy": "standard",
      "metrics": {
        "precision": 0.08130099474684252,
        "recall": 0.8949311023622047,
        "f1_score": 0.14906043156622062,
        "auc_roc": 0.8806136717900979,
        "confusion_matrix": [
          [
            72946,
            41098
          ],
          [
            427,
            3637
          ]
        ],
        "false_positive_rate": 0.3603696818771702,
        "fraud_detection_rate": 0.3787635045890202
      }
    },
    {
      "model": "xgboost",
      "imbalance_strategy": "smote",
      "cost_strategy": "cost_sensitive",
      "metrics": {
        "precision": 0.04103669499836548,
        "recall": 0.9884350393700787,
        "f1_score": 0.0788017890772128,
        "auc_roc": 0.8806311894625145,
        "confusion_matrix": [
          [
            20173,
            93871
          ],
          [
            47,
            4017
          ]
        ],
        "false_positive_rate": 0.8231121321595174,
        "fraud_detection_rate": 0.8288007586276966
      }
    },
    {
      "model": "lightgbm",
      "imbalance_strategy": "smote",
      "cost_strategy": "cost_sensitive",
      "metrics": {
        "precision": 0.055102270489266525,
        "recall": 0.9638287401574803,
        "f1_score": 0.10424484364604125,
        "auc_roc": 0.8980482652589262,
        "confusion_matrix": [
          [
            46875,
            67169
          ],
          [
            147,
            3917
          ]
        ],
        "false_positive_rate": 0.5889744309213988,
        "fraud_detection_rate": 0.6018728621261896
      }
    },
    {
      "model": "hybrid_rf",
      "imbalance_strategy": "smote",
      "cost_strategy": "cost_sensitive",
      "metrics": {
        "precision": 0.04103309252399566,
        "recall": 0.9867125984251969,
        "f1_score": 0.07878966499656155,
        "auc_roc": 0.8868635809545259,
        "confusion_matrix": [
          [
            20328,
            93716
          ],
          [
            54,
            4010
          ]
        ],
        "false_positive_rate": 0.8217530076110975,
        "fraud_detection_rate": 0.827429132658245
      }
    }
  ],
  "drift_summary": {
    "overall_drift_score": 0.0045620762750541045,
    "drifted_features": [
      {
        "feature": "TransactionDT",
        "ks_statistic": 0.21161140650929655,
        "p_value": 0.0,
        "drift_detected": true
      },
      {
        "feature": "TransactionAmt",
        "ks_statistic": 0.13391980221492195,
        "p_value": 0.0,
        "drift_detected": true
      },
      {
        "feature": "card1",
        "ks_statistic": 0.18061435296508288,
        "p_value": 0.0,
        "drift_detected": true
      },
      {
        "feature": "card2",
        "ks_statistic": 0.325537431331993,